{
    "state": 1,
    "msg": "获取成功",
    "data": [
             {
             "title": "海报秀",
             "posterImageUrl": "海报秀",
             "url": "http://www.baidu.com"
             },
             {
             "title": "配音秀",
             "posterImageUrl": "配音秀",
             "url": "http://www.baidu.com"
             }
             ],
    "data2": null,
    "rows": null,
    "footer": null,
    "total": 0,
    "pageSize": 0,
    "authKey": null,
    "dataMode": 0
}